Incident ID,Offence Code,CR Number,Dispatch Date / Time,Start_Date_Time,End_Date_Time,NIBRS Code,Victims,Crime Name1,Crime Name2,Crime Name3,Police District Name,Block Address,City,State,Zip Code,Agency,Place,Sector,Beat,PRA,Address Number,Street Prefix,Street Name,Street Suffix,Street Type,Latitude,Longitude,Police District Number,Location
201194204,2305,180031343,06/25/2018 07:03:12 PM,06/22/2018 06:00:00 PM,06/22/2018 08:00:00 PM,23F,1,Crime Against Property,Theft From Motor Vehicle,LARCENY - FROM AUTO,MONTGOMERY VILLAGE,19200 BLK  WATKINS MILL RD,MONTGOMERY VILLAGE,MD,20886,MCPD,Parking Lot - Commercial,R,6R2,546,19200,,WATKINS MILL,,RD,39.17057,-77.2089,6D,"(39.1706, -77.2089)"
201192754,3562,180029527,06/15/2018 09:28:52 AM,06/15/2018 09:28:00 AM,06/15/2018 09:28:00 AM,35A,1,Crime Against Society,Drug/Narcotic Violations,DRUGS - MARIJUANA - POSSESS,WHEATON,17000 BLK  BATCHELLORS FOREST RD,OLNEY,MD,20832,MCPD,School/College - DO NOT USE,J,4J2,391,17000,,BATCHELLORS FOREST,,RD,39.1358,-77.0453,4D,"(39.1358, -77.0453)"
201197266,5404,180035053,07/15/2018 10:14:12 PM,07/15/2018 10:14:00 PM,07/15/2018 11:45:00 PM,90D,1,Crime Against Society,Driving Under the Influence,DRIVING UNDER THE INFLUENCE LIQUOR,WHEATON,,SILVER SPRING,MD,20906,MCPD,Street - In vehicle,K,4K2,336,,,WELLER,,RD,39.06421,-77.069,4D,"(39.0642, -77.069)"
201197538,2399,180035451,07/17/2018 10:11:04 PM,07/17/2018 01:40:00 PM,07/17/2018 02:20:00 PM,23H,1,Crime Against Property,All other Larceny,LARCENY (DESCRIBE OFFENSE),GERMANTOWN,,GERMANTOWN,MD,20874,MCPD,Street - In vehicle,N,5N2,594,,,CLOPPER,,RD,39.1483,-77.2377,5D,"(39.1483, -77.2377)"
201194239,1399,180031372,06/25/2018 10:14:39 PM,06/25/2018 10:14:00 PM,,13B,1,Crime Against Person,Simple Assault,ASSAULT - 2ND DEGREE,GERMANTOWN,12600 BLK  GREY EAGLE CT,GERMANTOWN,MD,20874,MCPD,Residence - Apartment/Condo,N,5N1,447,12600,,GREY EAGLE,,CT,39.16706,-77.2635,5D,"(39.1671, -77.2635)"
201195017,5707,180032324,06/30/2018 06:36:12 PM,06/30/2018 06:15:00 PM,,90J,1,Crime Against Society,Trespass of Real Property,TRESPASSING,SILVER SPRING,1300 BLK E WEST HWY,SILVER SPRING,MD,20910,MCPD,Restaurant,G,3G1,89,1300,E,WEST,,HWY,39.12283,-77.2037,3D,"(39.1228, -77.2037)"
201193404,2501,180030276,06/19/2018 03:36:22 PM,05/01/2018 12:00:00 AM,05/31/2018 12:00:00 AM,250,1,Crime Against Property,Counterfeiting/Forgery,FORGERY OF CHECKS,WHEATON,18000 BLK  LAFAYETTE DR,OLNEY,MD,20832,MCPD,Residence - Single Family,J,4J2,399,18000,,LAFAYETTE,,DR,39.15009,-77.0742,4D,"(39.1501, -77.0742)"
201193737,5311,180030761,06/22/2018 01:05:20 AM,06/22/2018 01:00:00 AM,,90C,1,Crime Against Society,Disorderly Conduct,PUBLIC PEACE - DISORDERLY CONDUCT,WHEATON,,SILVER SPRING,MD,20902,MCPD,Street - Commercial,L,4L2,324,,,ENNALLS,,AVE,39.03941,-77.0542,4D,"(39.0394, -77.0542)"
201197396,2303,180035249,07/16/2018 10:48:25 PM,07/16/2018 10:48:00 PM,,23C,1,Crime Against Property,Shoplifting,LARCENY - SHOPLIFTING,GERMANTOWN,20900 BLK  FREDERICK RD,GERMANTOWN,MD,20876,MCPD,Retail - Department/Discount Store,M,5M1,701,20900,,FREDERICK,,RD,39.19829,-77.2448,5D,"(39.1983, -77.2448)"
201193124,2205,180030030,06/18/2018 09:28:41 AM,06/17/2018 04:20:00 PM,06/18/2018 08:00:00 AM,220,1,Crime Against Property,Burglary/Breaking and Entering,BURGLARY - NO FORCED ENTRY-NONRESIDENTIAL,ROCKVILLE,1  BLK N WASHINGTON ST,ROCKVILLE,MD,20850,RCPD,Restaurant,A,1A3,255,1,N,WASHINGTON,,ST,39.08502,-77.1529,1D,"(39.085, -77.1529)"
201194833,2589,180031928,06/28/2018 05:55:38 PM,06/28/2018 05:56:00 PM,,250,1,Crime Against Property,Counterfeiting/Forgery,FORGERY (DESCRIBE OFFENSE),SILVER SPRING,,SILVER SPRING,MD,20912,MCPD,Street - In vehicle,H,3H1,130,,,BARRON,,ST,38.98936,-76.9951,3D,"(38.9894, -76.9951)"
201194654,3532,180031741,06/27/2018 10:37:06 PM,06/27/2018 10:10:00 PM,06/27/2018 10:45:00 PM,35A,1,Crime Against Society,Drug/Narcotic Violations,DRUGS - COCAINE - POSSESS,GERMANTOWN,,GERMANTOWN,MD,20874,MCPD,Street - In vehicle,N,5N1,447,,,WISTERIA,,DR,39.17752,-77.2711,5D,"(39.1775, -77.2711)"
201181489,1399,180015087,03/27/2018 09:45:19 PM,03/27/2018 09:45:00 PM,,13B,1,Crime Against Person,Simple Assault,ASSAULT - 2ND DEGREE,SILVER SPRING,,SILVER SPRING,MD,20910,MCPD,Street - Residential,G,3G1,670,,,THAYER,,AVE,38.99318,-77.02,3D,"(38.9932, -77.02)"
201231950,3562,190013370,03/23/2019 02:01:51 AM,03/23/2019 02:02:00 AM,,35A,1,Crime Against Society,Drug/Narcotic Violations,DRUGS - MARIJUANA - POSSESS,BETHESDA,,CHEVY CHASE,MD,20815,MCPD,Street - In vehicle,D,2D1,12,,,SHEPHERD,,ST,38.97953,-77.0707,2D,"(38.9795, -77.0707)"
201426391,2601,230022958,05/13/2023 10:52:23 AM,05/13/2023 11:23:00 AM,,26A,1,Crime Against Property,False Pretenses/Swindle/Confidence Game,FRAUD - CONFIDENCE GAME,SILVER SPRING,1000 BLK  MILESTONE DR,SILVER SPRING,MD,20904,MCPD,Residence - Other,I,3I1,148,1000,,MILESTONE,,DR,39.04565,-76.992,3D,"(39.0457, -76.992)"
201426396,2399,230022966,05/13/2023 11:00:42 AM,04/26/2023 12:00:00 PM,04/29/2023 12:00:00 PM,23H,1,Crime Against Property,All other Larceny,LARCENY (DESCRIBE OFFENSE),BETHESDA,5300 BLK  WESTBARD AVE,BETHESDA,MD,20816,MCPD,Rental Storage Facility,E,20,19,5300,,WESTBARD,,AVE,38.96021,-77.1078,2D,"(38.9602, -77.1078)"
201197949,4104,180035834,07/19/2018 09:30:43 PM,07/19/2018 09:30:00 PM,,90G,1,Crime Against Society,Liquor Law Violations,LIQUOR - POSSESS,WHEATON,11200 BLK  AMHERST AVE,SILVER SPRING,MD,20902,MCPD,Park,L,4L2,354,11200,,AMHERST,,AVE,39.03908,-77.0486,4D,"(39.0391, -77.0486)"
201195833,3562,180033113,07/05/2018 11:50:19 AM,07/05/2018 11:30:00 AM,,35A,1,Crime Against Society,Drug/Narcotic Violations,DRUGS - MARIJUANA - POSSESS,WHEATON,1900 BLK  RANDOLPH RD,SILVER SPRING,MD,20902,MCPD,School/College - DO NOT USE,J,4J1,368,1900,,RANDOLPH,,RD,39.0652,-77.0371,4D,"(39.0652, -77.0371)"
201193654,3562,180030356,06/19/2018 10:31:26 PM,06/19/2018 10:31:00 PM,06/19/2018 10:45:00 PM,35A,1,Crime Against Society,Drug/Narcotic Violations,DRUGS - MARIJUANA - POSSESS,MONTGOMERY VILLAGE,,MONTGOMERY VILLAGE,MD,20877,MCPD,Street - In vehicle,P,6P3,419,,,MIDCOUNTY,,HWY,39.17926,-77.2266,6D,"(39.1793, -77.2266)"
201193567,3562,180029429,06/14/2018 05:41:53 PM,06/14/2018 05:41:00 PM,,35A,1,Crime Against Society,Drug/Narcotic Violations,DRUGS - MARIJUANA - POSSESS,GERMANTOWN,19400 BLK  DOVER CLIFFS CIR,GERMANTOWN,MD,20874,MCPD,Street - In vehicle,N,5N1,702,19400,,DOVER CLIFFS,,CIR,39.17717,-77.2795,5D,"(39.1772, -77.2795)"
201194475,2999,180031462,06/26/2018 03:15:20 PM,06/25/2018 07:00:00 PM,06/26/2018 03:15:00 PM,290,1,Crime Against Property,Destruction/Damage/Vandalism of Property,DAMAGE PROPERTY (DESCRIBE OFFENSE),WHEATON,11700 BLK  LEESBOROUGH CIR,SILVER SPRING,MD,20902,MCPD,Street - In vehicle,L,4L1,358,11700,,LEESBOROUGH,,CIR,39.04522,-77.0503,4D,"(39.0452, -77.0503)"
201192907,5403,180028577,06/09/2018 10:05:37 PM,06/09/2018 10:00:00 PM,,90D,1,Crime Against Society,Driving Under the Influence,DRIVING UNDER THE INFLUENCE DRUGS,WHEATON,2500 BLK  KENSINGTON BLV,SILVER SPRING,MD,20902,MCPD,Street - Residential,L,4L2,325,2500,,KENSINGTON,,BLV,39.04173,-77.0531,4D,"(39.0417, -77.0531)"
201196485,2305,180034059,07/10/2018 02:11:28 PM,07/08/2018 04:00:00 PM,07/08/2018 06:00:00 PM,23F,1,Crime Against Property,Theft From Motor Vehicle,LARCENY - FROM AUTO,WHEATON,13900 BLK  CASTAWAY DR,ROCKVILLE,MD,20853,MCPD,Street - Residential,K,4K2,340,13900,,CASTAWAY,,DR,39.08441,-77.0979,4D,"(39.0844, -77.0979)"
201196384,4199,180033416,07/06/2018 08:51:37 PM,07/10/2018 03:52:00 PM,,90G,1,Crime Against Society,Liquor Law Violations,LIQUOR (DESCRIBE OFFENSE),SILVER SPRING,8700 BLK  CAMERON ST,SILVER SPRING,MD,20910,MCPD,Parking Garage - County,G,3G1,108,8700,,CAMERON,,ST,38.9984,-77.0287,3D,"(38.9984, -77.0287)"
201195915,5404,180033270,07/05/2018 11:43:13 PM,07/05/2018 11:54:00 PM,,90D,1,Crime Against Society,Driving Under the Influence,DRIVING UNDER THE INFLUENCE LIQUOR,WHEATON,2700 BLK  UNIVERSITY BLV W,KENSINGTON,MD,20895,MCPD,Street - Commercial,L,4L2,319,2700,,UNIVERSITY,W,BLV,39.04002,-77.0554,4D,"(39.04, -77.0554)"
201116599,5707,17002592,,01/15/2017 01:09:00 PM,01/15/2017 01:30:00 PM,90J,1,Crime Against Society,Trespass of Real Property,TRESPASSING,SILVER SPRING,800 BLK  ELLSWORTH DR,SILVER SPRING,MD,20910,MCPD,Restaurant,G,3G1,671,800,,ELLSWORTH,,DR,38.99784,-77.0246,3D,"(38.9978, -77.0246)"
201197305,4104,180035124,07/16/2018 10:56:45 AM,07/16/2018 10:40:00 AM,07/16/2018 10:50:00 AM,90G,1,Crime Against Society,Liquor Law Violations,LIQUOR - POSSESS,ROCKVILLE,,ROCKVILLE,,20850,RCPD,Street - Bus Stop,A,1A3,283,,,LINCOLN,,ST,39.09075,-77.1381,1D,"(39.0908, -77.1381)"
201193418,2903,180030364,06/19/2018 11:33:10 PM,06/19/2018 11:33:00 PM,,290,1,Crime Against Property,Destruction/Damage/Vandalism of Property,DAMAGE PROPERTY - PUBLIC,WHEATON,3200 BLK  BEAVERWOOD LA,SILVER SPRING,MD,20906,MCPD,School/College - DO NOT USE,K,4K1,348,3200,,BEAVERWOOD,,LA,39.08651,-77.0643,4D,"(39.0865, -77.0643)"
201193789,3562,180030752,06/21/2018 10:24:12 PM,06/21/2018 10:30:00 PM,,35A,1,Crime Against Society,Drug/Narcotic Violations,DRUGS - MARIJUANA - POSSESS,MONTGOMERY VILLAGE,,GAITHERSBURG,MD,20879,MCPD,Street - In vehicle,R,6R1,426,,,MONTGOMERY VILLAGE,,AVE,39.1554,-77.2079,6D,"(39.1554, -77.2079)"
201194137,2399,180031257,06/25/2018 10:48:33 AM,06/25/2018 02:00:00 AM,06/25/2018 02:30:00 AM,23H,1,Crime Against Property,All other Larceny,LARCENY (DESCRIBE OFFENSE),WHEATON,12600 BLK  VEIRS MILL RD,ROCKVILLE,MD,20853,MCPD,Parking Lot - Residential,K,4K2,305,12600,,VEIRS MILL,,RD,39.06309,-77.0947,4D,"(39.0631, -77.0947)"
201197355,3512,180035187,07/16/2018 04:45:56 PM,07/16/2018 04:45:00 PM,07/16/2018 04:45:00 PM,35A,1,Crime Against Society,Drug/Narcotic Violations,DRUGS - HEROIN - POSSESS,SILVER SPRING,7700 BLK  BLAIR RD,TAKOMA PARK,MD,20912,MCPD,Street - In vehicle,G,3G1,91,7700,,BLAIR,,RD,38.98381,-77.0244,3D,"(38.9838, -77.0244)"
201195899,5404,180033277,07/06/2018 01:14:34 AM,07/06/2018 01:00:00 AM,07/06/2018 03:00:00 AM,90D,1,Crime Against Society,Driving Under the Influence,DRIVING UNDER THE INFLUENCE LIQUOR,WHEATON,12300 BLK  GEORGIA AVE,SILVER SPRING,MD,20906,MCPD,Street - In vehicle,J,4J1,536,12300,,GEORGIA,,AVE,39.05819,-77.05,4D,"(39.0582, -77.05)"
201193485,2305,180030311,06/19/2018 06:01:25 PM,06/19/2018 06:01:00 PM,,23F,1,Crime Against Property,Theft From Motor Vehicle,LARCENY - FROM AUTO,MONTGOMERY VILLAGE,11900 BLK  FERNSHIRE RD,GAITHERSBURG,MD,20878,MCPD,Street - Residential,P,6P2,590,11900,,FERNSHIRE,,RD,39.13184,-77.2466,6D,"(39.1318, -77.2466)"
201197250,5404,180034919,07/14/2018 11:50:31 PM,07/15/2018 12:10:00 AM,07/15/2018 02:00:00 AM,90D,1,Crime Against Society,Driving Under the Influence,DRIVING UNDER THE INFLUENCE LIQUOR,MONTGOMERY VILLAGE,,GAITHERSBURG,MD,20879,MCPD,Street - In vehicle,R,6R1,503,,,CENTERWAY,,RD,39.16993,-77.1867,6D,"(39.1699, -77.1867)"
201198232,3562,180036355,07/23/2018 01:00:55 AM,07/23/2018 01:01:00 AM,,35A,1,Crime Against Society,Drug/Narcotic Violations,DRUGS - MARIJUANA - POSSESS,BETHESDA,2400 BLK  KANSAS AVE,SILVER SPRING,MD,20910,MCPD,Street - In vehicle,D,2D1,85,2400,,KANSAS,,AVE,39.00191,-77.0501,2D,"(39.0019, -77.0501)"
201192739,2305,180029574,06/15/2018 01:20:56 PM,06/15/2018 12:00:00 PM,06/15/2018 01:15:00 PM,23F,1,Crime Against Property,Theft From Motor Vehicle,LARCENY - FROM AUTO,MONTGOMERY VILLAGE,10100 BLK  WASHINGTONIAN BLV,GAITHERSBURG,MD,20878,GPD,Parking Garage - Commercial,P,6P1,549,10100,,WASHINGTONIAN,,BLV,39.11914,-77.206,6D,"(39.1191, -77.206)"
201198250,2305,180036366,07/23/2018 06:37:20 AM,07/23/2018 06:37:00 AM,,23F,1,Crime Against Property,Theft From Motor Vehicle,LARCENY - FROM AUTO,SILVER SPRING,13200 BLK  MUSICMASTER DR,SILVER SPRING,MD,20904,MCPD,Parking Lot - Residential,I,3I2,378,13200,,MUSICMASTER,,DR,39.07205,-76.947,3D,"(39.072, -76.947)"
201425476,2204,230021775,05/07/2023 01:03:16 AM,05/07/2023 01:03:00 AM,,220,1,Crime Against Property,Burglary/Breaking and Entering,BURGLARY - NO FORCED ENTRY-RESIDENTIAL,SILVER SPRING,9700 BLK  GLEN AVE,SILVER SPRING,MD,20910,MCPD,Residence - Apartment/Condo,G,3G2,175,9700,,GLEN,,AVE,39.01464,-77.0542,3D,"(39.0146, -77.0542)"
201196038,4104,180033457,07/06/2018 11:24:14 PM,07/06/2018 11:25:00 PM,,90G,1,Crime Against Society,Liquor Law Violations,LIQUOR - POSSESS,SILVER SPRING,,BURTONSVILLE,MD,20866,MCPD,Street - In vehicle,I,3I2,382,,,NATIONAL,,DR,39.113,-76.9307,3D,"(39.113, -76.9307)"
201193112,2305,180030013,06/18/2018 06:55:10 AM,06/18/2018 05:00:00 PM,,23F,1,Crime Against Property,Theft From Motor Vehicle,LARCENY - FROM AUTO,GERMANTOWN,19300 BLK  LIBERTY MILL RD,GERMANTOWN,MD,20874,MCPD,Residence - Single Family,N,5N2,594,19300,,LIBERTY MILL,,RD,39.17212,-77.273,5D,"(39.1721, -77.273)"
201362957,2305,220004816,02/04/2022 07:13:33 AM,02/03/2022 06:00:00 PM,02/04/2022 07:33:00 AM,23F,1,Crime Against Property,Theft From Motor Vehicle,LARCENY - FROM AUTO,ROCKVILLE,1000 BLK  NEAL DR,ROCKVILLE,MD,20850,RCPD,Residence - Driveway,A,1A2,287,1000,,NEAL,,DR,39.09018,-77.1352,1D,"(39.0902, -77.1352)"
201193540,3542,180030319,06/19/2018 07:00:09 PM,06/19/2018 07:01:00 PM,,35A,1,Crime Against Society,Drug/Narcotic Violations,DRUGS - SYNTHETIC NARCOTIC - POSSESS,ROCKVILLE,,GAITHERSBURG,MD,20878,MCPD,Gas Station,B,1B2,725,,,EDISON PARK,,DR,39.11177,-77.2352,1D,"(39.1118, -77.2352)"
201192496,3562,180029275,06/13/2018 08:25:20 PM,06/13/2018 08:25:00 PM,06/13/2018 08:34:00 PM,35A,1,Crime Against Society,Drug/Narcotic Violations,DRUGS - MARIJUANA - POSSESS,WHEATON,1  BLK  ORION CLUB DR,ASHTON,MD,20861,MCPD,Park,J,4J2,641,1,,ORION CLUB,,DR,39.15055,-77.0123,4D,"(39.1506, -77.0123)"
201196988,2204,180034720,07/13/2018 07:19:57 PM,07/13/2018 07:19:00 PM,,220,1,Crime Against Property,Burglary/Breaking and Entering,BURGLARY - NO FORCED ENTRY-RESIDENTIAL,BETHESDA,10200 BLK  FREDERICK AVE,KENSINGTON,MD,20895,MCPD,Residence - Apartment/Condo,D,2D3,179,10200,,FREDERICK,,AVE,39.02224,-77.0702,2D,"(39.0222, -77.0702)"
201194759,5404,180031997,06/29/2018 02:03:16 AM,06/29/2018 02:03:00 AM,06/29/2018 03:00:00 AM,90D,1,Crime Against Society,Driving Under the Influence,DRIVING UNDER THE INFLUENCE LIQUOR,ROCKVILLE,,ROCKVILLE,MD,20850,RCPD,Street - In vehicle,A,1A4,280,,,FREDERICK,,RD,39.17545,-77.2381,1D,"(39.1754, -77.2381)"
201193445,3550,180030407,06/20/2018 07:13:07 AM,06/20/2018 07:13:00 AM,,35B,1,Crime Against Society,Drug Equipment Violations,DRUGS - NARCOTIC EQUIP - POSSESS,BETHESDA,4800 BLK  OXFORD ST,GARRETT PARK,MD,20896,MCPD,Street - Residential,D,2D4,695,4800,,OXFORD,,ST,39.03327,-77.095,2D,"(39.0333, -77.095)"
201196756,2902,180033864,07/09/2018 03:04:59 PM,07/02/2018 01:00:00 PM,07/09/2018 09:00:00 AM,290,1,Crime Against Property,Destruction/Damage/Vandalism of Property,DAMAGE PROPERTY - PRIVATE,ROCKVILLE,12500 BLK  PARK POTOMAC AVE,POTOMAC,MD,20854,MCPD,Residence - Yard,B,1B1,730,12500,,PARK POTOMAC,,AVE,39.06011,-77.1577,1D,"(39.0601, -77.1577)"
201198205,4102,180036062,07/20/2018 11:33:12 PM,07/20/2018 09:52:00 PM,,90G,1,Crime Against Society,Liquor Law Violations,LIQUOR - SELL,WHEATON,11200 BLK  GRANDVIEW AVE,SILVER SPRING,MD,20902,MCPD,Bar/Night Club,L,4L2,324,11200,,GRANDVIEW,,AVE,39.0384,-77.0523,4D,"(39.0384, -77.0523)"
201426950,2601,230021554,05/05/2023 02:56:49 PM,05/05/2023 10:00:00 AM,05/05/2023 12:00:00 PM,26A,1,Crime Against Property,False Pretenses/Swindle/Confidence Game,FRAUD - CONFIDENCE GAME,MONTGOMERY VILLAGE,19100 BLK  ROMAN WAY,MONTGOMERY VILLAGE,MD,20886,MCPD,Convenience Store,R,6R1,423,19100,,ROMAN,,WAY,39.17198,-77.1997,6D,"(39.172, -77.1997)"
201193889,1399,180030776,06/22/2018 07:07:33 AM,06/22/2018 06:45:00 AM,06/22/2018 07:20:00 AM,13B,1,Crime Against Person,Simple Assault,ASSAULT - 2ND DEGREE,SILVER SPRING,3100 BLK  BEETHOVEN WAY,SILVER SPRING,MD,20904,MCPD,Street - Residential,I,3I2,378,3100,,BEETHOVEN,,WAY,39.06855,-76.9457,3D,"(39.0686, -76.9457)"
201193251,1399,180030069,06/18/2018 01:54:42 PM,06/18/2018 01:25:00 PM,06/18/2018 01:26:00 PM,13B,1,Crime Against Person,Simple Assault,ASSAULT - 2ND DEGREE,GERMANTOWN,,CLARKSBURG,MD,20871,MCPD,Convenience Store,M,5M3,599,,,ST CLAIR,,RD,39.24073,-77.2733,5D,"(39.2407, -77.2733)"
201194339,5404,180031385,06/26/2018 12:59:23 AM,06/26/2018 01:00:00 AM,06/26/2018 01:00:00 AM,90D,1,Crime Against Society,Driving Under the Influence,DRIVING UNDER THE INFLUENCE LIQUOR,ROCKVILLE,4500 BLK  N270CD X4 TO X5 HWY,ROCKVILLE,MD,20852,MCPD,Street - In vehicle,A,1A1,240,4500,,N270CD X4 TO X5,,HWY,39.06605,-77.1569,1D,"(39.066, -77.1569)"
201196495,2305,180034194,07/11/2018 06:43:49 AM,07/10/2018 05:00:00 PM,07/11/2018 06:30:00 AM,23F,1,Crime Against Property,Theft From Motor Vehicle,LARCENY - FROM AUTO,MONTGOMERY VILLAGE,,MONTGOMERY VILLAGE,MD,20886,MCPD,Street - Residential,R,6R2,547,,,WATKINS MILL,,RD,39.18822,-77.2174,6D,"(39.1882, -77.2174)"
201195044,5311,180032339,06/30/2018 07:42:11 PM,06/30/2018 07:42:00 PM,,90C,1,Crime Against Society,Disorderly Conduct,PUBLIC PEACE - DISORDERLY CONDUCT,WHEATON,11100 BLK  VEIRS MILL RD,SILVER SPRING,MD,20902,MCPD,Retail - Mall,L,4L2,321,11100,,VEIRS MILL,,RD,39.03758,-77.0519,4D,"(39.0376, -77.0519)"
201196045,2605,180033599,07/07/2018 07:32:31 PM,07/07/2018 07:32:00 PM,,26B,1,Crime Against Property,Credit Card/Automatic Teller Machine Fraud,FRAUD - ILLEGAL USE CREDIT CARDS,MONTGOMERY VILLAGE,19500 BLK  BRASSIE PL,MONTGOMERY VILLAGE,MD,20886,MCPD,Gas Station,R,6R2,544,19500,,BRASSIE,,PL,39.17571,-77.2,6D,"(39.1757, -77.2)"
201196387,3582,180033925,07/09/2018 07:54:37 PM,07/09/2018 07:54:00 PM,,35A,1,Crime Against Society,Drug/Narcotic Violations,DRUGS - BARBITURATE - POSSESS,WHEATON,,SILVER SPRING,MD,20906,MCPD,Parking Lot - Other,K,4K1,530,,,BEL PRE,,RD,39.09313,-77.0795,4D,"(39.0931, -77.0795)"
201192857,5311,180029643,06/15/2018 06:56:19 PM,06/15/2018 06:53:00 PM,,90C,1,Crime Against Society,Disorderly Conduct,PUBLIC PEACE - DISORDERLY CONDUCT,GERMANTOWN,13000 BLK  MIDDLEBROOK RD,GERMANTOWN,MD,20874,MCPD,Parking Lot - Commercial,N,5N1,702,13000,,MIDDLEBROOK,,RD,39.18138,-77.2695,5D,"(39.1814, -77.2695)"
201195953,5311,180033482,07/07/2018 02:02:07 AM,07/07/2018 05:05:00 AM,,90C,1,Crime Against Society,Disorderly Conduct,PUBLIC PEACE - DISORDERLY CONDUCT,WHEATON,11300 BLK  GEORGIA AVE,SILVER SPRING,MD,20902,MCPD,Street - Alley,L,4L2,324,11300,,GEORGIA,,AVE,39.04011,-77.0513,4D,"(39.0401, -77.0513)"
201131983,9101,170504919,04/29/2017 10:50:21 AM,04/29/2017 10:55:00 AM,04/29/2017 10:55:00 AM,90Z,1,Crime Against Society,All Other Offenses,SUDDEN DEATH,MONTGOMERY VILLAGE,400 BLK  PALMSPRING DR,GAITHERSBURG,MD,20878,GPD,Residence -Townhouse/Duplex,P,6P1,550,400,,PALMSPRING,,DR,39.12399,-77.2121,6D,"(39.124, -77.2121)"
201192235,3562,180022185,05/06/2018 12:50:13 AM,05/06/2018 12:50:00 AM,,35A,1,Crime Against Society,Drug/Narcotic Violations,DRUGS - MARIJUANA - POSSESS,WHEATON,12200 BLK  VEIRS MILL RD,SILVER SPRING,MD,20906,MCPD,Street - In vehicle,K,4K2,525,12200,,VEIRS MILL,,RD,39.05614,-77.0826,4D,"(39.0561, -77.0826)"
201194363,3562,180031509,06/26/2018 07:33:36 PM,06/26/2018 07:20:00 PM,06/26/2018 07:33:00 PM,35A,1,Crime Against Society,Drug/Narcotic Violations,DRUGS - MARIJUANA - POSSESS,SILVER SPRING,11600 BLK  LOCKWOOD DR,SILVER SPRING,MD,20904,MCPD,Residence - Apartment/Condo,I,3I1,145,11600,,LOCKWOOD,,DR,39.04129,-76.9851,3D,"(39.0413, -76.9851)"
201195006,2399,180032338,06/30/2018 07:44:07 PM,06/30/2018 10:00:00 AM,,23H,1,Crime Against Property,All other Larceny,LARCENY (DESCRIBE OFFENSE),MONTGOMERY VILLAGE,9100 BLK  SPRINGHILL LA,GREENBELT,MD,20770,GPD,Residence -Townhouse/Duplex,P,6P2,450,9100,,SPRINGHILL,,LA,0,0,6D,"(0.0, 0.0)"
201194154,2902,180030479,06/20/2018 02:55:33 PM,06/20/2018 11:00:00 AM,06/20/2018 02:15:00 PM,290,1,Crime Against Property,Destruction/Damage/Vandalism of Property,DAMAGE PROPERTY - PRIVATE,GERMANTOWN,11400 BLK  BRUNDIDGE TER,GERMANTOWN,MD,20876,MCPD,Street - Residential,M,5M1,471,11400,,BRUNDIDGE,,TER,39.18747,-77.2367,5D,"(39.1875, -77.2367)"
201296503,9113,200029514,07/29/2020 08:53:19 PM,07/29/2020 08:53:00 PM,,90Z,1,Crime Against Society,All Other Offenses,MENTAL ILLNESS - EMERGENCY PETITION,WHEATON,15000 BLK  EASTWAY DR,SILVER SPRING,MD,20905,MCPD,Residence - Single Family,J,4J1,387,15000,,EASTWAY,,DR,39.10167,-76.9973,4D,"(39.1017, -76.9973)"
201196746,2399,180034321,07/11/2018 06:15:24 PM,07/11/2018 08:30:00 AM,07/11/2018 10:00:00 AM,23H,1,Crime Against Property,All other Larceny,LARCENY (DESCRIBE OFFENSE),SILVER SPRING,2100 BLK  INDUSTRIAL PKW,SILVER SPRING,MD,20904,GPD,Government Building,I,3I1,146,2100,,INDUSTRIAL,,PKW,39.05583,-76.9709,3D,"(39.0558, -76.9709)"
201197476,5404,180035017,07/15/2018 06:19:30 PM,07/15/2018 06:32:00 PM,,90D,1,Crime Against Society,Driving Under the Influence,DRIVING UNDER THE INFLUENCE LIQUOR,SILVER SPRING,700 BLK  UNIVERSITY BLV E,SILVER SPRING,MD,20903,MCPD,Street - In vehicle,H,3H1,131,700,,UNIVERSITY,E,BLV,38.99963,-76.9953,3D,"(38.9996, -76.9953)"
201194175,3562,180031172,06/24/2018 08:29:03 PM,06/24/2018 04:02:00 PM,,35A,1,Crime Against Society,Drug/Narcotic Violations,DRUGS - MARIJUANA - POSSESS,WHEATON,12500 BLK  GEORGIA AVE,SILVER SPRING,MD,20906,MCPD,Street - In vehicle,K,4K1,351,12500,,GEORGIA,,AVE,39.0614,-77.0526,4D,"(39.0614, -77.0526)"
201193526,3562,180023027,,05/10/2018 03:20:00 PM,,35A,1,Crime Against Society,Drug/Narcotic Violations,DRUGS - MARIJUANA - POSSESS,MONTGOMERY VILLAGE,,GAITHERSBURG,MD,20877,GPD,Street - In vehicle,P,6P3,419,,,FEDERAL,,WAY,39.14246,-77.1818,6D,"(39.1425, -77.1818)"
201196825,2303,180034535,07/12/2018 07:56:19 PM,07/12/2018 07:30:00 PM,07/12/2018 07:45:00 PM,23C,1,Crime Against Property,Shoplifting,LARCENY - SHOPLIFTING,SILVER SPRING,12000 BLK  CHERRY HILL RD,SILVER SPRING,MD,20904,MCPD,Retail - Department/Discount Store,I,3I1,146,12000,,CHERRY HILL,,RD,39.05259,-76.9531,3D,"(39.0526, -76.9531)"
201194079,1305,180031178,06/24/2018 09:19:54 PM,06/24/2018 09:19:00 PM,,13A,1,Crime Against Person,Aggravated Assault,ASSAULT - AGGRAVATED - NON-FAMILY-OTHER WEAPON,WHEATON,11200 BLK  GEORGIA AVE,SILVER SPRING,MD,20902,MCPD,Bar/Night Club,L,4L2,354,11200,,GEORGIA,,AVE,39.03867,-77.0508,4D,"(39.0387, -77.0508)"
201427054,2303,230023480,05/12/2023 09:37:37 PM,05/12/2023 09:37:00 PM,,23C,1,Crime Against Property,Shoplifting,LARCENY - SHOPLIFTING,ROCKVILLE,5700 BLK  BOU AVE,ROCKVILLE,MD,20852,MCPD,Retail - Department/Discount Store,A,1A2,735,5700,,BOU,,AVE,39.05597,-77.1136,1D,"(39.056, -77.1136)"
201198371,1206,180036535,07/23/2018 08:29:40 PM,07/23/2018 08:00:00 PM,07/23/2018 08:30:00 PM,120,1,Crime Against Property,Robbery,ROBBERY - STREET-STRONG-ARM,MONTGOMERY VILLAGE,,GAITHERSBURG,MD,20879,MCPD,Street - Residential,R,6R3,420,,,FLOWER HILL,,WAY,39.16013,-77.172,6D,"(39.1601, -77.172)"
201193697,2699,180030710,06/21/2018 05:30:01 PM,06/16/2018 04:00:00 PM,06/16/2018 09:00:00 PM,26A,1,Crime Against Property,False Pretenses/Swindle/Confidence Game,FRAUD (DESCRIBE OFFENSE),ROCKVILLE,1300 BLK E GUDE DR,ROCKVILLE,MD,20850,RCPD,Restaurant,A,1A2,287,1300,E,GUDE,,DR,39.09774,-77.1365,1D,"(39.0977, -77.1365)"
201198091,5404,180036090,07/21/2018 03:03:40 AM,07/21/2018 07:49:00 PM,,90D,1,Crime Against Society,Driving Under the Influence,DRIVING UNDER THE INFLUENCE LIQUOR,WHEATON,,SILVER SPRING,MD,20902,MCPD,Street - Commercial,L,4L2,355,,,UNIVERSITY,W,BLV,39.04055,-77.0543,4D,"(39.0406, -77.0543)"
201196195,2308,180033783,07/09/2018 02:00:00 AM,07/09/2018 04:38:00 AM,,23D,1,Crime Against Property,Theft from Building,LARCENY - FROM BLDG,SILVER SPRING,2300 BLK  BROADBIRCH DR,SILVER SPRING,MD,20904,MCPD,Retail - Other,I,3I1,146,2300,,BROADBIRCH,,DR,39.05561,-76.9617,3D,"(39.0556, -76.9617)"
201197215,2305,180034261,07/11/2018 01:27:41 PM,07/10/2018 05:00:00 PM,07/11/2018 10:45:00 AM,23F,1,Crime Against Property,Theft From Motor Vehicle,LARCENY - FROM AUTO,WHEATON,18200 BLK  FOX CHASE CIR,OLNEY,MD,20832,MCPD,Residence - Driveway,J,4J2,401,18200,,FOX CHASE,,CIR,39.15588,-77.0602,4D,"(39.1559, -77.0602)"
201196007,2308,180033353,07/06/2018 02:03:40 PM,07/06/2018 12:30:00 PM,,23D,1,Crime Against Property,Theft from Building,LARCENY - FROM BLDG,MONTGOMERY VILLAGE,400 BLK N FREDERICK AVE,GAITHERSBURG,MD,20877,GPD,Retail - Department/Discount Store,P,6P2,428,400,N,FREDERICK,,AVE,39.1457,-77.2037,6D,"(39.1457, -77.2037)"
201193839,5404,180030370,06/20/2018 01:50:00 AM,06/20/2018 01:50:00 AM,,90D,1,Crime Against Society,Driving Under the Influence,DRIVING UNDER THE INFLUENCE LIQUOR,BETHESDA,8900 BLK  KENSINGTON PKW,CHEVY CHASE,MD,20815,MCPD,Street - In vehicle,D,2D3,77,8900,,KENSINGTON,,PKW,39.00207,-77.075,2D,"(39.0021, -77.075)"
201426044,2303,230022507,05/10/2023 09:27:24 PM,04/29/2023 07:39:00 PM,04/29/2023 08:43:00 PM,23C,1,Crime Against Property,Shoplifting,LARCENY - SHOPLIFTING,MONTGOMERY VILLAGE,1  BLK  GRAND CORNER AVE,GAITHERSBURG,MD,20878,GPD,Retail - Sporting Goods,P,6P1,549,1,,GRAND CORNER,,AVE,39.11801,-77.2004,6D,"(39.118, -77.2004)"
201256115,1208,190043438,09/10/2019 11:39:42 PM,09/10/2019 11:39:00 PM,,120,1,Crime Against Property,Robbery,ROBBERY - RESIDENTIAL-OTHER WEAPON,WHEATON,14200 BLK  GEORGIA AVE,SILVER SPRING,MD,20906,MCPD,Residence - Apt Ofc/Storage,K,4K1,534,14200,,GEORGIA,,AVE,0,0,4D,"(0.0, 0.0)"
201195382,3562,180032191,06/29/2018 11:12:31 PM,06/29/2018 11:12:00 PM,,35A,1,Crime Against Society,Drug/Narcotic Violations,DRUGS - MARIJUANA - POSSESS,SILVER SPRING,900 BLK  SILVER SPRING AVE,SILVER SPRING,MD,20910,MCPD,Street - In vehicle,G,3G1,93,900,,SILVER SPRING,,AVE,38.99169,-77.024,3D,"(38.9917, -77.024)"
201194048,1313,180031154,06/24/2018 05:03:51 PM,06/24/2018 05:03:00 PM,,13B,1,Crime Against Person,Simple Assault,ASSAULT - SIMPLE,GERMANTOWN,20900 BLK  FREDERICK RD,GERMANTOWN,MD,20876,MCPD,Parking Lot - Commercial,M,5M1,701,20900,,FREDERICK,,RD,39.19829,-77.2448,5D,"(39.1983, -77.2448)"
201194298,2305,180031440,06/26/2018 09:20:32 AM,06/25/2018 07:30:00 PM,06/26/2018 08:30:00 AM,23F,1,Crime Against Property,Theft From Motor Vehicle,LARCENY - FROM AUTO,BETHESDA,5000 BLK  SMALLWOOD DR,BETHESDA,MD,20816,MCPD,Street - Residential,E,20,4,5000,,SMALLWOOD,,DR,38.9589,-77.0991,2D,"(38.9589, -77.0991)"
201196110,2404,180033595,07/07/2018 06:05:03 PM,07/07/2018 05:50:00 PM,07/07/2018 06:05:00 PM,240,1,Crime Against Property,Motor Vehicle Theft,AUTO THEFT - VEHICLE THEFT,ROCKVILLE,,ROCKVILLE,MD,20851,RCPD,Street - Residential,A,1A2,298,,,VANDEGRIFT,,AVE,39.06691,-77.1175,1D,"(39.0669, -77.1175)"
201192597,3562,180029299,06/13/2018 10:05:16 PM,06/13/2018 10:05:00 PM,,35A,1,Crime Against Society,Drug/Narcotic Violations,DRUGS - MARIJUANA - POSSESS,WHEATON,12100 BLK  SELFRIDGE RD,SILVER SPRING,MD,20906,MCPD,Street - In vehicle,L,4L1,524,12100,,SELFRIDGE,,RD,39.05334,-77.0805,4D,"(39.0533, -77.0805)"
201196815,5404,180034396,07/12/2018 02:10:26 AM,07/12/2018 02:10:00 AM,,90D,1,Crime Against Society,Driving Under the Influence,DRIVING UNDER THE INFLUENCE LIQUOR,WHEATON,,SILVER SPRING,MD,20905,MCPD,Street - In vehicle,J,4J1,372,,,NEW HAMPSHIRE,,AVE,38.97994,-76.9899,4D,"(38.9799, -76.9899)"
201195758,2601,180032899,07/03/2018 10:41:41 PM,07/03/2018 10:41:00 PM,,26A,1,Crime Against Property,False Pretenses/Swindle/Confidence Game,FRAUD - CONFIDENCE GAME,BETHESDA,11800 BLK  GRAND PARK AVE,ROCKVILLE,MD,20852,MCPD,Residence - Apartment/Condo,D,2D4,188,11800,,GRAND PARK,,AVE,39.049,-77.1169,2D,"(39.049, -77.1169)"
201193627,2404,180030605,06/21/2018 09:11:19 AM,06/20/2018 07:00:00 PM,06/21/2018 08:45:00 AM,240,1,Crime Against Property,Motor Vehicle Theft,AUTO THEFT - VEHICLE THEFT,BETHESDA,5200 BLK  PORTSMOUTH RD,BETHESDA,MD,20816,MCPD,Residence - Driveway,E,20,2,5200,,PORTSMOUTH,,RD,38.95239,-77.1046,2D,"(38.9524, -77.1046)"
201192480,5404,180028592,06/10/2018 01:05:49 AM,06/10/2018 01:08:00 AM,06/10/2018 03:10:00 AM,90D,1,Crime Against Society,Driving Under the Influence,DRIVING UNDER THE INFLUENCE LIQUOR,WHEATON,11100 BLK  VEIRS MILL RD,SILVER SPRING,MD,20902,MCPD,Street - In vehicle,L,4L2,324,11100,,VEIRS MILL,,RD,39.03758,-77.0519,4D,"(39.0376, -77.0519)"
201195627,5404,180032975,07/04/2018 12:18:26 PM,07/04/2018 12:18:00 PM,,90D,1,Crime Against Society,Driving Under the Influence,DRIVING UNDER THE INFLUENCE LIQUOR,SILVER SPRING,600 BLK  UNIVERSITY BLV E,SILVER SPRING,MD,20901,MCPD,Street - In vehicle,H,3H1,128,600,,UNIVERSITY,E,BLV,39.00254,-76.9957,3D,"(39.0025, -76.9957)"
201196652,1206,180034388,07/12/2018 01:26:58 AM,07/12/2018 01:23:00 AM,07/12/2018 01:24:00 AM,120,1,Crime Against Property,Robbery,ROBBERY - STREET-STRONG-ARM,SILVER SPRING,,SILVER SPRING,MD,20910,MCPD,Street - Commercial,G,3G1,94,,,GEORGIA,,AVE,39.11237,-77.0755,3D,"(39.1124, -77.0755)"
201193800,3802,180030823,06/22/2018 11:45:11 AM,06/22/2018 11:45:00 AM,06/22/2018 11:45:00 AM,90F,1,Crime Against Society,"Family Offenses, NonViolent",FAMILY OFFENSE - CRUELTY TOWARD CHILD,BETHESDA,10200 BLK  FREDERICK AVE,KENSINGTON,MD,20895,MCPD,Residence - Apartment/Condo,D,2D3,179,10200,,FREDERICK,,AVE,39.02224,-77.0702,2D,"(39.0222, -77.0702)"
201347428,2204,210038838,09/30/2021 03:55:03 PM,09/30/2021 03:55:00 PM,,220,1,Crime Against Property,Burglary/Breaking and Entering,BURGLARY - NO FORCED ENTRY-RESIDENTIAL,SILVER SPRING,11200 BLK  LOCKWOOD DR,SILVER SPRING,MD,20901,MCPD,Residence - Apartment/Condo,I,3I1,518,11200,,LOCKWOOD,,DR,39.03877,-76.9925,3D,"(39.0388, -76.9925)"
201187895,1313,180023591,05/13/2018 11:16:13 PM,05/13/2018 11:16:00 PM,,13B,1,Crime Against Person,Simple Assault,ASSAULT - SIMPLE,ROCKVILLE,1600 BLK  ROCKVILLE PIK,ROCKVILLE,MD,20852,RCPD,Restaurant,A,1A1,266,1600,,ROCKVILLE,,PIK,39.06279,-77.1247,1D,"(39.0628, -77.1247)"
201197820,2204,180035798,07/19/2018 05:18:46 PM,07/18/2018 09:00:00 PM,07/19/2018 05:20:00 PM,220,1,Crime Against Property,Burglary/Breaking and Entering,BURGLARY - NO FORCED ENTRY-RESIDENTIAL,ROCKVILLE,12500 BLK  FALCONBRIDGE DR,GAITHERSBURG,MD,20878,MCPD,Residence - Single Family,B,1B2,457,12500,,FALCONBRIDGE,,DR,39.10263,-77.2581,1D,"(39.1026, -77.2581)"
201195416,2699,180032793,07/03/2018 02:27:34 PM,07/03/2018 12:30:00 PM,07/03/2018 12:30:00 PM,26A,1,Crime Against Property,False Pretenses/Swindle/Confidence Game,FRAUD (DESCRIBE OFFENSE),BETHESDA,5400 BLK  ALTA VISTA RD,BETHESDA,MD,20814,MCPD,Other/Unknown,E,200,71,5400,,ALTA VISTA,,RD,39.01061,-77.1076,2D,"(39.0106, -77.1076)"
201195153,2309,180032494,07/01/2018 11:03:33 PM,07/01/2018 11:03:00 PM,,23H,1,Crime Against Property,All other Larceny,LARCENY - FROM YARDS,MONTGOMERY VILLAGE,8300 BLK  BEECHCRAFT AVE,GAITHERSBURG,MD,20879,MCPD,Parking Lot - Commercial,R,6R3,421,8300,,BEECHCRAFT,,AVE,39.16775,-77.1696,6D,"(39.1677, -77.1696)"
201194439,2404,180031579,06/27/2018 06:13:31 AM,06/26/2018 10:00:00 PM,06/27/2018 05:59:00 AM,240,1,Crime Against Property,Motor Vehicle Theft,AUTO THEFT - VEHICLE THEFT,WHEATON,1200 BLK  MAGNOLIA RD,SILVER SPRING,MD,20905,MCPD,Residence - Driveway,J,4J1,680,1200,,MAGNOLIA,,RD,39.12624,-76.9871,4D,"(39.1262, -76.9871)"
201368394,3532,220011215,03/15/2022 07:28:59 PM,03/15/2022 07:30:00 PM,,35A,1,Crime Against Society,Drug/Narcotic Violations,DRUGS - COCAINE - POSSESS,BETHESDA,10200 BLK  OLD GEORGETOWN RD,BETHESDA,MD,20814,MCPD,Convenience Store,D,2D4,191,10200,,OLD GEORGETOWN,,RD,39.02308,-77.1239,2D,"(39.0231, -77.1239)"
201193322,2305,180030242,06/19/2018 12:38:17 PM,06/18/2018 11:00:00 PM,06/19/2018 11:30:00 AM,23F,1,Crime Against Property,Theft From Motor Vehicle,LARCENY - FROM AUTO,WHEATON,300 BLK  FLANNERY LA,SILVER SPRING,MD,20904,MCPD,Street - Residential,J,4J1,675,300,,FLANNERY,,LA,39.07946,-77.005,4D,"(39.0795, -77.005)"
201192943,5311,180029406,06/14/2018 04:27:13 PM,06/14/2018 04:20:00 PM,,90C,1,Crime Against Society,Disorderly Conduct,PUBLIC PEACE - DISORDERLY CONDUCT,WHEATON,11500 BLK  ELKIN ST,SILVER SPRING,MD,20902,MCPD,Parking Lot - Residential,L,4L1,358,11500,,ELKIN,,ST,39.043,-77.0499,4D,"(39.043, -77.0499)"
201197206,2308,180035022,07/15/2018 06:42:22 PM,07/15/2018 07:01:00 PM,,23D,1,Crime Against Property,Theft from Building,LARCENY - FROM BLDG,WHEATON,11100 BLK  VEIRS MILL RD,SILVER SPRING,MD,20902,MCPD,Retail - Department/Discount Store,L,4L2,321,11100,,VEIRS MILL,,RD,39.03758,-77.0519,4D,"(39.0376, -77.0519)"
201196122,2305,180033191,07/05/2018 05:47:58 PM,07/01/2018 12:00:00 PM,07/03/2018 12:00:00 PM,23F,1,Crime Against Property,Theft From Motor Vehicle,LARCENY - FROM AUTO,WHEATON,21800 BLK  NEW HAMPSHIRE AVE,BROOKEVILLE,MD,20833,MCPD,Other/Unknown,J,4J2,405,21800,,NEW HAMPSHIRE,,AVE,39.21434,-77.0488,4D,"(39.2143, -77.0488)"
201194924,1399,180032217,06/30/2018 01:06:07 AM,06/30/2018 01:00:00 AM,06/30/2018 01:05:00 AM,13B,1,Crime Against Person,Simple Assault,ASSAULT - 2ND DEGREE,SILVER SPRING,500 BLK  RANDOLPH RD,SILVER SPRING,MD,20904,MCPD,Residence - Apartment/Condo,I,3I1,150,500,,RANDOLPH,,RD,39.06667,-77.0193,3D,"(39.0667, -77.0193)"
201196225,2101,180033839,07/09/2018 12:24:24 PM,07/06/2018 06:00:00 PM,07/09/2018 11:00:00 AM,210,1,Crime Against Property,Extortion/Blackmail,EXTORT - THREAT INJURE PERSON,ROCKVILLE,5900 BLK  SPAATZ PL,ROCKVILLE,MD,20851,RCPD,Residence - Single Family,A,1A2,298,5900,,SPAATZ,,PL,39.07223,-77.1208,1D,"(39.0722, -77.1208)"
201195458,4104,180032651,07/02/2018 07:50:32 PM,07/02/2018 07:53:00 PM,,90G,1,Crime Against Society,Liquor Law Violations,LIQUOR - POSSESS,SILVER SPRING,8100 BLK  GEORGIA AVE,SILVER SPRING,MD,20910,MCPD,Street - Commercial,G,3G1,94,8100,,GEORGIA,,AVE,38.99064,-77.0266,3D,"(38.9906, -77.0266)"
201195659,2202,180033110,07/05/2018 11:28:11 AM,06/29/2018 12:00:00 AM,07/05/2018 11:28:00 AM,220,1,Crime Against Property,Burglary/Breaking and Entering,BURGLARY - FORCED ENTRY-RESIDENTIAL,WHEATON,11400 BLK  KENTON PL,SILVER SPRING,MD,20902,MCPD,Residence - Shed,L,4L2,318,11400,,KENTON,,PL,39.04343,-77.065,4D,"(39.0434, -77.065)"
201159150,9199,170538929,10/26/2017 09:32:02 AM,10/26/2017 03:25:00 PM,,90Z,1,Crime Against Society,All Other Offenses,POLICE INFORMATION,BETHESDA,6000 BLK  CHATSWORTH LA,BETHESDA,MD,20814,MCPD,Residence - Single Family,D,2D4,191,6000,,CHATSWORTH,,LA,39.02715,-77.1213,2D,"(39.0271, -77.1213)"
201192738,3562,180029236,06/13/2018 05:06:07 PM,06/13/2018 05:00:00 PM,,35A,1,Crime Against Society,Drug/Narcotic Violations,DRUGS - MARIJUANA - POSSESS,MONTGOMERY VILLAGE,,GAITHERSBURG,MD,20878,MCPD,Street - In vehicle,P,6P2,443,,,MUDDY BRANCH,,RD,39.10126,-77.2221,6D,"(39.1013, -77.2221)"
201195932,1399,180033420,07/06/2018 08:33:20 PM,07/06/2018 08:33:00 PM,,13B,1,Crime Against Person,Simple Assault,ASSAULT - 2ND DEGREE,MONTGOMERY VILLAGE,9900 BLK  KILLARNEY LA,GAITHERSBURG,MD,20877,MCPD,Parking Garage - Residential,P,6P1,429,9900,,KILLARNEY,,LA,39.13364,-77.206,6D,"(39.1336, -77.206)"
201193119,2303,180029575,06/15/2018 01:47:30 PM,06/15/2018 01:47:00 PM,,23C,1,Crime Against Property,Shoplifting,LARCENY - SHOPLIFTING,BETHESDA,6800 BLK  WISCONSIN AVE,CHEVY CHASE,MD,20815,MCPD,Retail - Department/Discount Store,D,2D2,14,6800,,WISCONSIN,,AVE,38.97782,-77.091,2D,"(38.9778, -77.091)"
201192382,3562,180029124,06/13/2018 02:05:51 AM,06/13/2018 02:05:00 AM,,35A,1,Crime Against Society,Drug/Narcotic Violations,DRUGS - MARIJUANA - POSSESS,GERMANTOWN,,GERMANTOWN,MD,20876,MCPD,Street - In vehicle,M,5M3,473,,,RIDGE,,RD,39.30489,-77.1976,5D,"(39.3049, -77.1976)"
201198142,2305,180035525,07/18/2018 11:04:03 AM,07/18/2018 11:04:00 AM,,23F,1,Crime Against Property,Theft From Motor Vehicle,LARCENY - FROM AUTO,WHEATON,700 BLK  KERWIN RD,SILVER SPRING,MD,20901,MCPD,Residence - Driveway,L,4L2,163,700,,KERWIN,,RD,39.02768,-77.0215,4D,"(39.0277, -77.0215)"
201125634,5309,17013891,,03/18/2017 08:41:00 AM,,90Z,1,Crime Against Society,All Other Offenses,PUBLIC PEACE - HARASSING COMMUNICATION,GERMANTOWN,12900 BLK  MIDDLEBROOK RD,GERMANTOWN,MD,20874,MCPD,Restaurant,N,5N1,702,12900,,MIDDLEBROOK,,RD,39.17881,-77.2673,5D,"(39.1788, -77.2673)"
201195380,2902,180032765,07/03/2018 12:44:18 PM,07/03/2018 12:44:00 PM,,290,1,Crime Against Property,Destruction/Damage/Vandalism of Property,DAMAGE PROPERTY - PRIVATE,SILVER SPRING,12800 BLK  BROADMORE RD,SILVER SPRING,MD,20904,MCPD,Residence - Single Family,I,3I1,149,12800,,BROADMORE,,RD,39.06575,-76.9885,3D,"(39.0658, -76.9885)"
201193958,4104,180031036,06/23/2018 09:23:18 PM,06/23/2018 09:45:00 PM,,90G,1,Crime Against Society,Liquor Law Violations,LIQUOR - POSSESS,SILVER SPRING,,SILVER SPRING,MD,20910,MCPD,Parking Garage - Commercial,G,3G1,94,,,DIXON,,AVE,38.99266,-77.0279,3D,"(38.9927, -77.0279)"
201192985,5707,180029883,06/17/2018 08:04:41 AM,06/17/2018 08:04:00 AM,06/17/2018 08:30:00 AM,90J,1,Crime Against Society,Trespass of Real Property,TRESPASSING,GERMANTOWN,13000 BLK  MIDDLEBROOK RD,GERMANTOWN,MD,20874,MCPD,Grocery/Supermarket,N,5N1,702,13000,,MIDDLEBROOK,,RD,39.18138,-77.2695,5D,"(39.1814, -77.2695)"
201193901,2499,180030956,06/23/2018 10:03:54 AM,06/23/2018 02:30:00 AM,06/23/2018 12:00:00 AM,240,1,Crime Against Property,Motor Vehicle Theft,STOLEN VEHICLE (DESCRIBE OFFENSE),WHEATON,20300 BLK  NEW HAMPSHIRE AVE,BRINKLOW,MD,20862,MCPD,Wooded Area,J,4J2,639,20300,,NEW HAMPSHIRE,,AVE,39.18934,-77.0248,4D,"(39.1893, -77.0248)"
201195549,2303,180032854,07/03/2018 06:02:00 PM,07/03/2018 06:00:00 PM,,23C,1,Crime Against Property,Shoplifting,LARCENY - SHOPLIFTING,GERMANTOWN,20900 BLK  FREDERICK RD,GERMANTOWN,MD,20876,MCPD,Retail - Department/Discount Store,M,5M1,701,20900,,FREDERICK,,RD,39.19829,-77.2448,5D,"(39.1983, -77.2448)"
201196772,2305,180034358,07/11/2018 09:16:49 PM,07/10/2018 08:00:00 PM,07/11/2018 08:30:00 AM,23F,1,Crime Against Property,Theft From Motor Vehicle,LARCENY - FROM AUTO,SILVER SPRING,1900 BLK  ROOKWOOD RD,SILVER SPRING,MD,20910,MCPD,Residence - Driveway,G,3G2,84,1900,,ROOKWOOD,,RD,39.00777,-77.041,3D,"(39.0078, -77.041)"
201193397,5404,180030291,06/19/2018 03:39:58 PM,06/19/2018 03:39:00 PM,,90D,1,Crime Against Society,Driving Under the Influence,DRIVING UNDER THE INFLUENCE LIQUOR,WHEATON,14600 BLK  BAUER DR,ROCKVILLE,MD,20853,MCPD,Street - Residential,K,4K2,529,14600,,BAUER,,DR,39.09091,-77.1084,4D,"(39.0909, -77.1084)"
201195824,2902,180033299,07/06/2018 06:41:37 AM,07/05/2018 04:00:00 PM,07/06/2018 06:30:00 AM,290,1,Crime Against Property,Destruction/Damage/Vandalism of Property,DAMAGE PROPERTY - PRIVATE,MONTGOMERY VILLAGE,,GAITHERSBURG,MD,20877,GPD,Street - Other,P,6P3,435,,,SUMMIT HALL,,RD,39.12392,-77.2049,6D,"(39.1239, -77.2049)"
201195789,1399,180033281,07/06/2018 12:57:21 AM,07/06/2018 12:57:00 AM,,13B,2,Crime Against Person,Simple Assault,ASSAULT - 2ND DEGREE,MONTGOMERY VILLAGE,200 BLK E DIAMOND AVE,GAITHERSBURG,MD,20877,GPD,Restaurant,P,6P3,431,200,E,DIAMOND,,AVE,39.14206,-77.1947,6D,"(39.1421, -77.1947)"
201198276,2303,180036291,07/22/2018 03:05:34 PM,07/22/2018 01:29:00 PM,07/22/2018 02:58:00 PM,23C,1,Crime Against Property,Shoplifting,LARCENY - SHOPLIFTING,ROCKVILLE,12000 BLK  ROCKVILLE PIK,ROCKVILLE,MD,20852,MCPD,Retail - Department/Discount Store,A,1A2,735,12000,,ROCKVILLE,,PIK,39.05313,-77.1167,1D,"(39.0531, -77.1167)"
201426078,2601,230022553,05/11/2023 09:16:24 AM,05/10/2023 02:00:00 PM,05/10/2023 08:00:00 PM,26A,1,Crime Against Property,False Pretenses/Swindle/Confidence Game,FRAUD - CONFIDENCE GAME,MONTGOMERY VILLAGE,7700 BLK  BARNSTABLE PL,DERWOOD,MD,20855,MCPD,Other/Unknown,P,6P3,551,7700,,BARNSTABLE,,PL,39.13965,-77.1582,6D,"(39.1397, -77.1582)"
201197555,5404,180034590,07/13/2018 02:38:25 AM,07/13/2018 02:32:00 AM,,90D,1,Crime Against Society,Driving Under the Influence,DRIVING UNDER THE INFLUENCE LIQUOR,WHEATON,,SILVER SPRING,MD,20902,MCPD,Street - Commercial,L,4L2,324,,,TRIANGLE,,LA,39.03964,-77.0519,4D,"(39.0396, -77.0519)"
201194620,2308,180031651,06/27/2018 02:26:47 PM,06/27/2018 12:00:00 PM,,23D,1,Crime Against Property,Theft from Building,LARCENY - FROM BLDG,MONTGOMERY VILLAGE,700 BLK  RUSSELL AVE,GAITHERSBURG,MD,20877,MCPD,Retail - Mall,R,6R1,548,700,,RUSSELL,,AVE,39.15063,-77.2039,6D,"(39.1506, -77.2039)"
201380056,1201,220025234,06/12/2022 01:05:23 PM,06/12/2022 01:00:00 PM,06/12/2022 01:04:00 PM,120,1,Crime Against Property,Robbery,ROBBERY - BUSINESS-GUN,SILVER SPRING,9300 BLK  GEORGIA AVE,SILVER SPRING,MD,20910,MCPD,Gas Station,G,3G2,84,9300,,GEORGIA,,AVE,39.00724,-77.0396,3D,"(39.0072, -77.0396)"
201198168,5404,180036220,07/22/2018 12:30:42 AM,07/22/2018 03:07:00 PM,,90D,1,Crime Against Society,Driving Under the Influence,DRIVING UNDER THE INFLUENCE LIQUOR,MONTGOMERY VILLAGE,,GAITHERSBURG,MD,20877,GPD,Street - In vehicle,R,6R1,548,,N,FREDERICK,,AVE,39.05909,-77.1162,6D,"(39.0591, -77.1162)"
201192635,2399,180029191,06/13/2018 01:27:16 PM,06/13/2018 01:27:00 PM,06/13/2018 02:25:00 PM,23H,1,Crime Against Property,All other Larceny,LARCENY (DESCRIBE OFFENSE),TAKOMA PARK,1100 BLK  UNIVERSITY BLV E,TAKOMA PARK,MD,20912,TPPD,Restaurant,T,8T3,807,1100,,UNIVERSITY,E,BLV,39.03585,-77.0268,TPPD,"(39.0359, -77.0268)"
201193911,2303,180030835,06/22/2018 02:35:46 PM,06/22/2018 02:00:00 PM,06/22/2018 03:00:00 PM,23C,1,Crime Against Property,Shoplifting,LARCENY - SHOPLIFTING,TAKOMA PARK,7600 BLK  NEW HAMPSHIRE AVE,TAKOMA PARK,MD,20912,TPPD,Grocery/Supermarket,T,8T3,807,7600,,NEW HAMPSHIRE,,AVE,38.9859,-76.9881,TPPD,"(38.9859, -76.9881)"
201198356,2399,180036476,07/23/2018 03:37:07 PM,07/23/2018 02:50:00 PM,07/23/2018 03:37:00 PM,23H,1,Crime Against Property,All other Larceny,LARCENY (DESCRIBE OFFENSE),WHEATON,12200 BLK  VEIRS MILL RD,SILVER SPRING,MD,20906,MCPD,Retail - Clothing,K,4K2,525,12200,,VEIRS MILL,,RD,39.05614,-77.0826,4D,"(39.0561, -77.0826)"
201194453,3562,180030739,06/21/2018 09:15:08 PM,06/21/2018 09:17:00 PM,,35A,1,Crime Against Society,Drug/Narcotic Violations,DRUGS - MARIJUANA - POSSESS,MONTGOMERY VILLAGE,18200 BLK  CONTOUR RD,GAITHERSBURG,MD,20877,MCPD,Parking Lot - Commercial,R,6R1,505,18200,,CONTOUR,,RD,39.15572,-77.1997,6D,"(39.1557, -77.1997)"
201126628,9105,17015076,,03/16/2017 01:50:00 PM,03/24/2017 01:50:00 PM,90Z,1,Crime Against Society,All Other Offenses,LOST PROPERTY,ROCKVILLE,300 BLK  LISA OAKS WAY,ROCKVILLE,MD,20850,RCPD,Residence - Single Family,B,1B1,241,300,,LISA OAKS,,WAY,39.09341,-77.1905,1D,"(39.0934, -77.1905)"
201193173,4199,180030094,06/18/2018 04:11:27 PM,06/18/2018 04:08:00 PM,,90G,1,Crime Against Society,Liquor Law Violations,LIQUOR (DESCRIBE OFFENSE),WHEATON,11300 BLK  ELKIN ST,SILVER SPRING,MD,20902,MCPD,Parking Lot - Commercial,L,4L2,354,11300,,ELKIN,,ST,39.0403,-77.0503,4D,"(39.0403, -77.0503)"
201194036,4104,180031045,06/23/2018 10:19:44 PM,06/23/2018 11:33:00 PM,,90G,1,Crime Against Society,Liquor Law Violations,LIQUOR - POSSESS,WHEATON,18200 BLK  OLD BALTIMORE RD,OLNEY,,20832,MCPD,Street - In vehicle,J,4J2,401,18200,,OLD BALTIMORE,,RD,39.15609,-77.0487,4D,"(39.1561, -77.0487)"
201192588,3532,180029070,06/12/2018 07:06:41 PM,06/12/2018 07:06:00 PM,,35A,1,Crime Against Society,Drug/Narcotic Violations,DRUGS - COCAINE - POSSESS,MONTGOMERY VILLAGE,1  BLK  WATER ST,GAITHERSBURG,MD,20877,GPD,Street - Residential,P,6P1,430,1,,WATER,,ST,39.14064,-77.202,6D,"(39.1406, -77.202)"
201123325,9105,17010844,,02/28/2017 09:30:00 PM,03/01/2017 06:50:00 AM,90Z,1,Crime Against Society,All Other Offenses,LOST PROPERTY,GERMANTOWN,1  BLK  OBSERVATION CT,GERMANTOWN,MD,20876,MCPD,Other/Unknown,M,5M1,468,1,,OBSERVATION,,CT,39.19222,-77.2475,5D,"(39.1922, -77.2475)"
201197098,4104,180034892,07/14/2018 08:43:21 PM,07/14/2018 08:38:00 PM,,90G,1,Crime Against Society,Liquor Law Violations,LIQUOR - POSSESS,SILVER SPRING,,SILVER SPRING,MD,20910,MCPD,Street - Commercial,G,3G2,118,,,WAYNE,,AVE,38.99678,-77.0223,3D,"(38.9968, -77.0223)"
201197983,5311,180035869,07/19/2018 11:55:54 PM,07/19/2018 11:55:00 PM,07/19/2018 11:55:00 PM,90C,1,Crime Against Society,Disorderly Conduct,PUBLIC PEACE - DISORDERLY CONDUCT,SILVER SPRING,600 BLK  UNIVERSITY BLV E,SILVER SPRING,MD,20901,MCPD,Street - Other,H,3H1,133,600,,UNIVERSITY,E,BLV,39.00254,-76.9957,3D,"(39.0025, -76.9957)"
201195431,3704,180031727,06/27/2018 09:24:51 PM,08/01/2017 06:13:00 PM,06/27/2018 12:00:00 AM,370,1,Crime Against Society,Pornography/Obscene Material,OBSCENE MATERIAL - POSSESS,MONTGOMERY VILLAGE,800 BLK  QUINCE ORCHARD BLV,GAITHERSBURG,MD,20878,MCPD,Residence - Apartment/Condo,P,6P2,554,800,,QUINCE ORCHARD,,BLV,39.14077,-77.2285,6D,"(39.1408, -77.2285)"
201198034,3532,180036089,07/21/2018 03:19:57 AM,07/21/2018 03:19:00 AM,,35A,1,Crime Against Society,Drug/Narcotic Violations,DRUGS - COCAINE - POSSESS,MONTGOMERY VILLAGE,,GAITHERSBURG,MD,20879,MCPD,Street - Residential,R,6R1,503,,,GREEN RUN,,CT,39.18623,-77.1859,6D,"(39.1862, -77.1859)"
201195962,4199,180033338,07/06/2018 11:38:11 AM,07/06/2018 11:38:00 AM,07/06/2018 02:30:00 PM,90G,1,Crime Against Society,Liquor Law Violations,LIQUOR (DESCRIBE OFFENSE),ROCKVILLE,,ROCKVILLE,MD,20850,RCPD,Street - Other,B,1B1,238,,,LINDLEY,,TER,39.08693,-77.1914,1D,"(39.0869, -77.1914)"
201338043,5404,210027079,07/13/2021 10:52:46 PM,07/13/2021 10:50:00 PM,07/13/2021 10:50:00 PM,90D,1,Crime Against Society,Driving Under the Influence,DRIVING UNDER THE INFLUENCE LIQUOR,BETHESDA,,BETHESDA,MD,20814,MCPD,Street - In vehicle,D,2D2,48,,,WISCONSIN,,AVE,38.9777,-77.0909,2D,"(38.9777, -77.0909)"
201428337,2399,230025368,05/26/2023 07:27:10 PM,05/26/2023 04:00:00 PM,,23H,1,Crime Against Property,All other Larceny,LARCENY (DESCRIBE OFFENSE),MONTGOMERY VILLAGE,800 BLK  RUSSELL AVE,GAITHERSBURG,,20879,MCPD,Grocery/Supermarket,R,6R1,426,800,,RUSSELL,,AVE,39.15473,-77.2097,6D,"(39.1547, -77.2097)"
201095739,1208,16043896,,08/28/2016 10:34:00 PM,,120,1,Crime Against Property,Robbery,ROBBERY - RESIDENTIAL-OTHER WEAPON,WHEATON,16300 BLK  NEW HAMPSHIRE AVE,SILVER SPRING,MD,20905,MCPD,Residence - Apartment/Condo,J,4J1,680,16300,,NEW HAMPSHIRE,,AVE,39.122,-76.9888,4D,"(39.122, -76.9888)"
201197939,3562,180035824,07/19/2018 08:12:21 PM,07/19/2018 08:12:00 PM,,35A,1,Crime Against Society,Drug/Narcotic Violations,DRUGS - MARIJUANA - POSSESS,WHEATON,11400 BLK  AMHERST AVE,SILVER SPRING,MD,20902,MCPD,Residence - Apartment/Condo,L,4L2,355,11400,,AMHERST,,AVE,39.04128,-77.0482,4D,"(39.0413, -77.0482)"
201192367,2309,180028378,06/08/2018 06:13:00 PM,06/07/2018 08:09:00 AM,,23H,1,Crime Against Property,All other Larceny,LARCENY - FROM YARDS,GERMANTOWN,25500 BLK  COLTRANE DR,DAMASCUS,MD,20872,MCPD,Residence -Townhouse/Duplex,M,5M2,615,25500,,COLTRANE,,DR,39.27636,-77.212,5D,"(39.2764, -77.212)"
201194562,3562,180031754,06/28/2018 12:17:52 AM,06/28/2018 02:44:00 AM,,35A,1,Crime Against Society,Drug/Narcotic Violations,DRUGS - MARIJUANA - POSSESS,SILVER SPRING,,SILVER SPRING,MD,20901,MCPD,Street - In vehicle,H,3H1,128,,,UNIVERSITY,E,BLV,38.98852,-76.9871,3D,"(38.9885, -76.9871)"
201198291,5707,180036434,07/23/2018 01:14:29 PM,07/23/2018 01:10:00 PM,07/23/2018 01:15:00 PM,90J,1,Crime Against Society,Trespass of Real Property,TRESPASSING,SILVER SPRING,8200 BLK  GEORGIA AVE,SILVER SPRING,MD,20910,MCPD,Convenience Store,G,3G1,94,8200,,GEORGIA,,AVE,38.99163,-77.0266,3D,"(38.9916, -77.0266)"
201197864,1316,180035744,,07/20/2018 06:38:00 AM,,13C,1,Crime Against Person,Intimidation,ASSAULT - INTIMIDATION (INCLUDES STALKING),GERMANTOWN,22700 BLK  NEWCUT RD,CLARKSBURG,MD,20871,MCPD,Commercial - Industrial park,M,5M3,476,22700,,NEWCUT,,RD,39.22888,-77.2495,5D,"(39.2289, -77.2495)"
201370813,3505,220014091,04/02/2022 08:21:58 PM,04/02/2022 08:36:00 PM,04/02/2022 09:30:00 PM,35A,1,Crime Against Society,Drug/Narcotic Violations,DRUGS - HALLUCINOGEN (DESCRIBE OFFENSE),SILVER SPRING,,SILVER SPRING,MD,20901,MCPD,Street - In vehicle,G,3G2,122,,E,FRANKLIN,,AVE,39.00925,-77.0136,3D,"(39.0093, -77.0136)"
201192132,2305,180028798,06/11/2018 10:41:21 AM,06/10/2018 04:00:00 PM,06/11/2018 09:30:00 AM,23F,1,Crime Against Property,Theft From Motor Vehicle,LARCENY - FROM AUTO,GERMANTOWN,18000 BLK  BLACK GOLD WAY,BOYDS,MD,20841,MCPD,Residence - Driveway,N,5N2,464,18000,,BLACK GOLD,,WAY,39.15279,-77.298,5D,"(39.1528, -77.298)"
201195881,3572,180033343,07/06/2018 12:35:56 PM,07/06/2018 04:24:00 PM,,35A,1,Crime Against Society,Drug/Narcotic Violations,DRUGS - AMPHETAMINE - POSSESS,SILVER SPRING,10000 BLK  NEW HAMPSHIRE AVE,SILVER SPRING,MD,20903,MCPD,Street - In vehicle,H,3H2,140,10000,,NEW HAMPSHIRE,,AVE,39.01939,-76.9766,3D,"(39.0194, -76.9766)"
201193262,5404,180030079,06/18/2018 02:46:38 PM,06/18/2018 02:46:00 PM,,90D,1,Crime Against Society,Driving Under the Influence,DRIVING UNDER THE INFLUENCE LIQUOR,MONTGOMERY VILLAGE,,GAITHERSBURG,MD,20878,MCPD,Street - In vehicle,P,6P2,443,,W,DIAMOND,,AVE,39.14164,-77.2174,6D,"(39.1416, -77.2174)"
201197910,4102,180035738,07/19/2018 12:54:23 PM,07/19/2018 01:37:00 PM,,90G,1,Crime Against Society,Liquor Law Violations,LIQUOR - SELL,WHEATON,12100 BLK  GEORGIA AVE,SILVER SPRING,MD,20902,MCPD,Restaurant,L,4L1,329,12100,,GEORGIA,,AVE,39.05301,-77.0509,4D,"(39.053, -77.0509)"
201194358,5311,180031383,06/25/2018 11:50:35 PM,06/25/2018 11:51:00 PM,,90C,1,Crime Against Society,Disorderly Conduct,PUBLIC PEACE - DISORDERLY CONDUCT,SILVER SPRING,,SILVER SPRING,MD,20910,MCPD,Hospital/Emergency Care Center,G,3G2,105,,,COLESVILLE,,RD,38.99357,-77.0323,3D,"(38.9936, -77.0323)"
201196605,2301,180034052,07/10/2018 02:25:14 PM,07/09/2018 08:57:00 PM,,23A,1,Crime Against Property,Pocket/picking,LARCENY - POCKET PICKING,SILVER SPRING,11200 BLK  NEW HAMPSHIRE AVE,SILVER SPRING,MD,20904,MCPD,Grocery/Supermarket,I,3I1,518,11200,,NEW HAMPSHIRE,,AVE,39.03978,-76.9906,3D,"(39.0398, -76.9906)"
201197613,2303,180035529,07/18/2018 11:32:38 AM,07/14/2018 07:43:00 PM,,23C,1,Crime Against Property,Shoplifting,LARCENY - SHOPLIFTING,MONTGOMERY VILLAGE,300 BLK  MUDDY BRANCH RD,GAITHERSBURG,MD,20878,GPD,Retail - Beauty/Barber Shop,P,6P1,550,300,,MUDDY BRANCH,,RD,39.12861,-77.2083,6D,"(39.1286, -77.2083)"
201192878,2303,180029767,06/16/2018 01:27:57 PM,06/16/2018 11:36:00 AM,06/16/2018 11:39:00 AM,23C,1,Crime Against Property,Shoplifting,LARCENY - SHOPLIFTING,BETHESDA,7100 BLK  DEMOCRACY BLV,BETHESDA,MD,20817,MCPD,Retail - Mall,E,2000,204,7100,,DEMOCRACY,,BLV,39.02207,-77.1473,2D,"(39.0221, -77.1473)"
201195535,2902,180032948,07/04/2018 08:48:08 AM,07/03/2018 10:20:00 PM,,290,1,Crime Against Property,Destruction/Damage/Vandalism of Property,DAMAGE PROPERTY - PRIVATE,SILVER SPRING,11100 BLK  NEW HAMPSHIRE AVE,SILVER SPRING,MD,20901,MCPD,Gas Station,I,3I1,518,11100,,NEW HAMPSHIRE,,AVE,39.03777,-76.9897,3D,"(39.0378, -76.9897)"
201192668,5404,180029322,06/14/2018 03:09:03 AM,06/14/2018 03:09:00 AM,06/14/2018 03:10:00 AM,90D,1,Crime Against Society,Driving Under the Influence,DRIVING UNDER THE INFLUENCE LIQUOR,WHEATON,2000 BLK  BALLOWS WAY,SILVER SPRING,MD,20906,MCPD,Street - In vehicle,J,4J1,371,2000,,BALLOWS,,WAY,39.09313,-77.0451,4D,"(39.0931, -77.0451)"
201168221,9113,170550655,12/25/2017 03:10:59 PM,12/25/2017 03:10:00 PM,,90Z,1,Crime Against Society,All Other Offenses,MENTAL ILLNESS - EMERGENCY PETITION,BETHESDA,8300 BLK  WISCONSIN AVE,BETHESDA,MD,20814,MCPD,Residence - Apartment/Condo,E,200,54,8300,,WISCONSIN,,AVE,38.99275,-77.096,2D,"(38.9928, -77.096)"
201193883,1204,180030929,06/23/2018 05:08:23 AM,06/23/2018 05:08:00 AM,,120,1,Crime Against Property,Robbery,ROBBERY - STREET-GUN,SILVER SPRING,14000 BLK  CASTLE BLV,SILVER SPRING,MD,20904,MCPD,Residence - Apartment/Condo,I,3I2,380,14000,,CASTLE,,BLV,39.08459,-76.9405,3D,"(39.0846, -76.9405)"
201193377,4104,180030332,06/19/2018 07:51:19 PM,06/19/2018 07:49:00 PM,,90G,1,Crime Against Society,Liquor Law Violations,LIQUOR - POSSESS,ROCKVILLE,1700 BLK  ROCKVILLE PIK,ROCKVILLE,,20852,MCPD,Parking Lot - Commercial,A,1A1,269,1700,,ROCKVILLE,,PIK,39.06184,-77.124,1D,"(39.0618, -77.124)"
201198368,1399,180036513,07/23/2018 07:26:46 PM,07/23/2018 07:30:00 PM,,13B,1,Crime Against Person,Simple Assault,ASSAULT - 2ND DEGREE,MONTGOMERY VILLAGE,1  BLK  WATER ST,GAITHERSBURG,MD,20877,GPD,Residence - Apartment/Condo,P,6P1,430,1,,WATER,,ST,39.14064,-77.202,6D,"(39.1406, -77.202)"
201194009,1399,180031111,06/24/2018 10:46:01 AM,06/24/2018 10:46:00 AM,,13B,1,Crime Against Person,Simple Assault,ASSAULT - 2ND DEGREE,GERMANTOWN,13500 BLK  ALE HOUSE CIR,GERMANTOWN,MD,20874,MCPD,Parking Lot - Residential,N,5N2,448,13500,,ALE HOUSE,,CIR,39.15929,-77.282,5D,"(39.1593, -77.282)"
201194004,2204,180031100,06/24/2018 08:40:49 AM,06/23/2018 09:30:00 PM,06/24/2018 08:00:00 AM,220,1,Crime Against Property,Burglary/Breaking and Entering,BURGLARY - NO FORCED ENTRY-RESIDENTIAL,MONTGOMERY VILLAGE,20400 BLK  RYECROFT CT,MONTGOMERY VILLAGE,MD,20886,MCPD,Residence - Garage,R,6R2,508,20400,,RYECROFT,,CT,39.19142,-77.1861,6D,"(39.1914, -77.1861)"
201196898,3562,180034168,07/10/2018 11:24:43 PM,07/10/2018 11:28:00 PM,,35A,1,Crime Against Society,Drug/Narcotic Violations,DRUGS - MARIJUANA - POSSESS,MONTGOMERY VILLAGE,800 BLK  RABBITT RD,GAITHERSBURG,MD,20878,MCPD,Street - Residential,P,6P2,554,800,,RABBITT,,RD,39.14022,-77.2324,6D,"(39.1402, -77.2324)"
201198222,2902,180036243,07/22/2018 05:20:55 AM,07/22/2018 05:20:00 AM,,290,1,Crime Against Property,Destruction/Damage/Vandalism of Property,DAMAGE PROPERTY - PRIVATE,GERMANTOWN,9800 BLK  BETHESDA CHURCH RD,DAMASCUS,MD,20872,MCPD,Parking Lot - Residential,M,5M2,615,9800,,BETHESDA CHURCH,,RD,39.28365,-77.2018,5D,"(39.2837, -77.2018)"
201196796,3615,180034516,07/12/2018 06:03:28 PM,07/11/2018 06:40:00 AM,,90C,1,Crime Against Society,Disorderly Conduct,SEX OFFENSE - INDECENT EXPOSURE TO ADULT,MONTGOMERY VILLAGE,100 BLK  DUVALL LA,GAITHERSBURG,MD,20877,GPD,Street - Residential,P,6P1,434,100,,DUVALL,,LA,39.13036,-77.204,6D,"(39.1304, -77.204)"
201192222,5404,180028224,06/08/2018 04:00:40 AM,06/08/2018 04:00:00 AM,,90D,1,Crime Against Society,Driving Under the Influence,DRIVING UNDER THE INFLUENCE LIQUOR,WHEATON,,SILVER SPRING,MD,20853,MCPD,Street - In vehicle,K,4K2,345,,,NORBECK,,RD,39.11257,-77.0589,4D,"(39.1126, -77.0589)"
201194315,2399,180031451,06/26/2018 02:08:19 PM,06/26/2018 12:30:00 PM,06/26/2018 02:08:00 PM,23H,1,Crime Against Property,All other Larceny,LARCENY (DESCRIBE OFFENSE),WHEATON,13000 BLK  CONNECTICUT AVE,SILVER SPRING,MD,20906,MCPD,Residence - Yard,K,4K2,336,13000,,CONNECTICUT,,AVE,39.0693,-77.0757,4D,"(39.0693, -77.0757)"
201194070,4104,180031169,06/24/2018 07:59:35 PM,06/24/2018 07:55:00 PM,,90G,1,Crime Against Society,Liquor Law Violations,LIQUOR - POSSESS,GERMANTOWN,12000 BLK  SNOWDEN FARM PKW,CLARKSBURG,MD,20871,MCPD,Restaurant,M,5M3,476,12000,,SNOWDEN FARM,,PKW,39.22827,-77.2502,5D,"(39.2283, -77.2502)"
201194070,5707,180031169,06/24/2018 07:59:35 PM,06/24/2018 07:55:00 PM,,90J,1,Crime Against Society,Trespass of Real Property,TRESPASSING,GERMANTOWN,12000 BLK  SNOWDEN FARM PKW,CLARKSBURG,MD,20871,MCPD,Restaurant,M,5M3,476,12000,,SNOWDEN FARM,,PKW,39.22827,-77.2502,5D,"(39.2283, -77.2502)"
201450654,2610,230063193,,10/29/2023 03:21:00 PM,,26F,1,Crime Against Property,Identity Theft,IDENTITY THEFT,MONTGOMERY VILLAGE,1  BLK  FULKS CORNER AVE,GAITHERSBURG,MD,20877,GPD,Other/Unknown,P,6P3,431,1,,FULKS CORNER,,AVE,39.14035,-77.1957,6D,"(39.1403, -77.1957)"
201392705,1214,220040549,09/18/2022 09:04:10 AM,09/18/2022 08:59:00 AM,09/18/2022 09:04:00 AM,120,1,Crime Against Property,Robbery,ROBBERY - KNIFE,SILVER SPRING,8400 BLK  GEORGIA AVE,SILVER SPRING,MD,20910,MCPD,Convenience Store,G,3G1,94,8400,,GEORGIA,,AVE,38.99349,-77.0267,3D,"(38.9935, -77.0267)"
201143036,2303,170518680,07/12/2017 03:17:02 PM,07/12/2017 03:17:00 PM,,23C,1,Crime Against Property,Shoplifting,LARCENY - SHOPLIFTING,GERMANTOWN,19700 BLK  GERMANTOWN RD,GERMANTOWN,MD,20874,MCPD,Grocery/Supermarket,N,5N1,702,19700,,GERMANTOWN,,RD,39.17881,-77.2673,5D,"(39.1788, -77.2673)"
201196820,1313,180034548,07/12/2018 09:09:33 PM,07/12/2018 09:09:00 PM,07/12/2018 10:00:00 PM,13B,2,Crime Against Person,Simple Assault,ASSAULT - SIMPLE,SILVER SPRING,13900 BLK  CASTLE BLV,SILVER SPRING,MD,20904,MCPD,Residence - Apartment/Condo,I,3I2,380,13900,,CASTLE,,BLV,39.08345,-76.942,3D,"(39.0834, -76.942)"
201193200,1399,180030111,06/18/2018 05:12:34 PM,06/18/2018 05:12:00 PM,,13B,1,Crime Against Person,Simple Assault,ASSAULT - 2ND DEGREE,BETHESDA,4700 BLK  HIGHLAND AVE,BETHESDA,MD,20814,MCPD,Parking Lot - County,D,2D2,45,4700,,HIGHLAND,,AVE,38.9913,-77.0939,2D,"(38.9913, -77.0939)"
201193760,2604,180030597,06/21/2018 09:12:53 AM,03/01/2018 12:01:00 AM,,26C,1,Crime Against Property,Impersonation,FRAUD - IMPERSONATION,MONTGOMERY VILLAGE,15200 BLK  SIESTA KEY WAY,ROCKVILLE,,20850,MCPD,Residence - Apartment/Condo,P,6P1,721,15200,,SIESTA KEY,,WAY,39.10502,-77.1947,6D,"(39.105, -77.1947)"
201192600,2305,180026522,05/30/2018 09:52:45 AM,05/30/2018 09:52:00 AM,05/30/2018 10:45:00 AM,23F,1,Crime Against Property,Theft From Motor Vehicle,LARCENY - FROM AUTO,TAKOMA PARK,8100 BLK  KENNEWICK AVE,TAKOMA PARK,MD,20912,TPPD,Street - In vehicle,T,8T3,806,8100,,KENNEWICK,,AVE,38.98998,-76.9912,TPPD,"(38.99, -76.9912)"
201196107,2304,180033099,07/05/2018 10:18:55 AM,07/05/2018 10:18:00 AM,07/05/2018 10:18:00 AM,23G,1,Crime Against Property,Theft of Motor Vehicle Parts or Accessories,LARCENY - AUTO PARTS,MONTGOMERY VILLAGE,600 BLK S FREDERICK AVE,GAITHERSBURG,MD,20877,GPD,Parking Lot - Commercial,P,6P3,435,600,S,FREDERICK,,AVE,39.15009,-77.209,6D,"(39.1501, -77.209)"
201194289,1399,180031398,06/26/2018 06:44:02 AM,06/26/2018 06:44:00 AM,06/26/2018 08:00:00 AM,13B,1,Crime Against Person,Simple Assault,ASSAULT - 2ND DEGREE,ROCKVILLE,13200 BLK  ATLANTIC AVE,ROCKVILLE,MD,20851,RCPD,Convenience Store,A,1A2,522,13200,,ATLANTIC,,AVE,39.07353,-77.1157,1D,"(39.0735, -77.1157)"
201194390,2902,180031472,06/26/2018 04:05:44 PM,06/26/2018 04:05:00 PM,,290,1,Crime Against Property,Destruction/Damage/Vandalism of Property,DAMAGE PROPERTY - PRIVATE,GERMANTOWN,13000 BLK  PICKERING DR,GERMANTOWN,MD,20874,MCPD,Parking Lot - Residential,N,5N1,702,13000,,PICKERING,,DR,39.18723,-77.2695,5D,"(39.1872, -77.2695)"
201193916,2305,180030973,06/23/2018 12:26:24 PM,06/21/2018 06:00:00 PM,06/22/2018 09:00:00 AM,23F,1,Crime Against Property,Theft From Motor Vehicle,LARCENY - FROM AUTO,SILVER SPRING,100 BLK  GRANVILLE DR,SILVER SPRING,MD,20901,MCPD,Street - Residential,G,3G2,120,100,,GRANVILLE,,DR,39.01429,-77.0099,3D,"(39.0143, -77.0099)"
201195639,2305,180033083,07/05/2018 07:58:51 AM,07/04/2018 06:00:00 PM,07/05/2018 07:15:00 AM,23F,1,Crime Against Property,Theft From Motor Vehicle,LARCENY - FROM AUTO,ROCKVILLE,2300 BLK  VEIRS MILL RD,ROCKVILLE,MD,20851,MCPD,Street - Residential,A,1A2,293,2300,,VEIRS MILL,,RD,39.07435,-77.1137,1D,"(39.0744, -77.1137)"
201193284,2305,180030213,06/19/2018 10:23:18 AM,06/18/2018 07:30:00 PM,06/19/2018 10:00:00 AM,23F,1,Crime Against Property,Theft From Motor Vehicle,LARCENY - FROM AUTO,GERMANTOWN,18300 BLK  TIMKO LA,GERMANTOWN,MD,20874,MCPD,Parking Lot - Residential,N,5N2,448,18300,,TIMKO,,LA,39.15687,-77.2717,5D,"(39.1569, -77.2717)"
201194121,2305,180031225,06/25/2018 07:12:16 AM,06/24/2018 10:00:00 PM,06/25/2018 06:45:00 AM,23F,1,Crime Against Property,Theft From Motor Vehicle,LARCENY - FROM AUTO,SILVER SPRING,900 BLK  WINHALL WAY,SILVER SPRING,MD,20904,MCPD,Residence - Driveway,I,3I1,519,900,,WINHALL,,WAY,39.06283,-76.9924,3D,"(39.0628, -76.9924)"
201195988,1313,180033518,07/07/2018 09:46:40 AM,07/07/2018 09:46:00 AM,07/07/2018 09:50:00 AM,13B,1,Crime Against Person,Simple Assault,ASSAULT - SIMPLE,SILVER SPRING,600 BLK  UNIVERSITY BLV E,SILVER SPRING,MD,20901,MCPD,Grocery/Supermarket,H,3H1,133,600,,UNIVERSITY,E,BLV,39.00254,-76.9957,3D,"(39.0025, -76.9957)"
201195508,2305,180032945,07/04/2018 08:12:06 AM,07/03/2018 11:30:00 PM,07/04/2018 07:50:00 AM,23F,1,Crime Against Property,Theft From Motor Vehicle,LARCENY - FROM AUTO,SILVER SPRING,,SILVER SPRING,MD,20901,MCPD,Street - Residential,H,3H2,144,,,HILLWOOD,,DR,39.0323,-77.0022,3D,"(39.0323, -77.0022)"
201198004,3562,180036025,07/20/2018 07:52:13 PM,07/20/2018 07:52:00 PM,07/20/2018 07:52:00 PM,35A,1,Crime Against Society,Drug/Narcotic Violations,DRUGS - MARIJUANA - POSSESS,SILVER SPRING,8900 BLK  COLESVILLE RD,SILVER SPRING,MD,20910,MCPD,Street - In vehicle,G,3G2,106,8900,,COLESVILLE,,RD,39.00007,-77.0257,3D,"(39.0001, -77.0257)"
201196846,5311,180034587,07/13/2018 02:37:56 AM,07/13/2018 02:37:00 AM,07/13/2018 02:38:00 AM,90C,1,Crime Against Society,Disorderly Conduct,PUBLIC PEACE - DISORDERLY CONDUCT,SILVER SPRING,8100 BLK  GEORGIA AVE,SILVER SPRING,MD,20910,MCPD,Street - Commercial,G,3G1,94,8100,,GEORGIA,,AVE,38.99064,-77.0266,3D,"(38.9906, -77.0266)"
201197339,4104,180034353,07/11/2018 09:21:55 PM,07/11/2018 09:21:00 PM,,90G,1,Crime Against Society,Liquor Law Violations,LIQUOR - POSSESS,SILVER SPRING,,SILVER SPRING,MD,20910,MCPD,Street - Commercial,G,3G1,92,,,GIST,,AVE,38.98916,-77.0192,3D,"(38.9892, -77.0192)"
201368584,5212,220011422,03/16/2022 11:28:01 PM,03/16/2022 11:31:00 PM,03/16/2022 11:31:00 PM,520,1,Crime Against Society,Weapon Law Violations,WEAPON - POSSESSION,BETHESDA,,ROCKVILLE,MD,20852,MCPD,Street - In vehicle,D,2D4,694,,,ROCKVILLE,,PIK,39.07219,-77.1332,2D,"(39.0722, -77.1332)"
201437955,1313,230047726,08/04/2023 12:23:36 AM,08/03/2023 10:00:00 PM,08/04/2023 12:23:00 AM,13B,1,Crime Against Person,Simple Assault,ASSAULT - SIMPLE,WHEATON,13100 BLK  SUPERIOR ST,ROCKVILLE,MD,20853,MCPD,Residence - Single Family,K,4K2,338,13100,,SUPERIOR,,ST,39.06979,-77.0859,4D,"(39.0698, -77.0859)"
201197924,1399,180035957,07/20/2018 02:00:55 PM,07/20/2018 01:30:00 PM,07/20/2018 02:00:00 PM,13B,1,Crime Against Person,Simple Assault,ASSAULT - 2ND DEGREE,GERMANTOWN,11200 BLK  WHITE BARN CT,GAITHERSBURG,MD,20879,MCPD,Residence -Townhouse/Duplex,M,5M1,470,11200,,WHITE BARN,,CT,39.17044,-77.2311,5D,"(39.1704, -77.2311)"
201426704,2610,230023353,05/15/2023 06:58:44 PM,04/24/2023 12:00:00 AM,05/15/2023 07:00:00 PM,26F,1,Crime Against Property,Identity Theft,IDENTITY THEFT,GERMANTOWN,22500 BLK  SCHOOLFIELD CT,CLARKSBURG,MD,20871,MCPD,Cyberspace,M,5M3,476,22500,,SCHOOLFIELD,,CT,39.22599,-77.2615,5D,"(39.226, -77.2615)"
201195169,5311,180032518,07/02/2018 03:00:20 AM,07/01/2018 02:50:00 AM,,90C,1,Crime Against Society,Disorderly Conduct,PUBLIC PEACE - DISORDERLY CONDUCT,WHEATON,11200 BLK  TRIANGLE LA,SILVER SPRING,MD,20902,MCPD,Street - Commercial,L,4L2,324,11200,,TRIANGLE,,LA,39.03853,-77.0515,4D,"(39.0385, -77.0515)"
